<?xml version="1.0" encoding="UTF-8"?>
<project-private xmlns="http://www.netbeans.org/ns/project-private/1">
    <editor-bookmarks xmlns="http://www.netbeans.org/ns/editor-bookmarks/2" lastBookmarkId="0"/>
    <open-files xmlns="http://www.netbeans.org/ns/projectui-open-files/2">
        <group>
            <file>file:/C:/Users/01093050/Downloads/Compressed/PSW/src/database_console/RemoveBookGUI.java</file>
            <file>file:/C:/Users/01093050/Downloads/Compressed/PSW/src/database_console/Reader.java</file>
            <file>file:/C:/Users/01093050/Downloads/Compressed/PSW/src/database_console/Shelve.java</file>
            <file>file:/C:/Users/01093050/Downloads/Compressed/PSW/src/database_console/Book.java</file>
            <file>file:/C:/Users/01093050/Downloads/Compressed/PSW/src/database_console/signUp_In.java</file>
        </group>
    </open-files>
</project-private>
